{
  "Workflows": [
    {
      "Path": null,
      "SortBy": 0,
      "VariablesSectionElementsOrder": [],
      "ArgumentsSectionElementsOrder": null,
      "ConstantsSectionElementsOrder": [],
      "AddedNamespaces": null
    },
    {
      "Path": "AGP elimina regs.xaml",
      "SortBy": 0,
      "VariablesSectionElementsOrder": [
        "encontro&Sequence_57",
        "consultas2&Sequence_1",
        "adquirente_string&Sequence_49",
        "tipo_transaccion_string&Sequence_49",
        "banco_emisor_string&Sequence_49",
        "nombre_archivo&Sequence_49",
        "transacciones&Sequence_49",
        "emisores&Sequence_49",
        "tiempo_espera&Sequence_49",
        "orden&Sequence_49",
        "archivo_atrasado&Sequence_49",
        "dale&Sequence_49",
        "activo1&Sequence_49",
        "carpeta&Sequence_49",
        "fecha&Sequence_49",
        "existe_carpeta&Sequence_49",
        "afiliacion_principal&Sequence_49",
        "subafiliado&Sequence_49",
        "estatus&Sequence_49"
      ],
      "ArgumentsSectionElementsOrder": [],
      "ConstantsSectionElementsOrder": [],
      "AddedNamespaces": null
    },
    {
      "Path": "Robot desbloqueante.xaml",
      "SortBy": 0,
      "VariablesSectionElementsOrder": [],
      "ArgumentsSectionElementsOrder": [],
      "ConstantsSectionElementsOrder": [],
      "AddedNamespaces": null
    },
    {
      "Path": "../../../../../Program Files/UiPath/Studio/Snippets/Windows/SnippetsVBasic/Samples/Ping Monitor.xaml",
      "SortBy": 0,
      "VariablesSectionElementsOrder": [
        "strPing&Flowchart_1",
        "output&Flowchart_1"
      ],
      "ArgumentsSectionElementsOrder": [],
      "ConstantsSectionElementsOrder": [],
      "AddedNamespaces": null
    },
    {
      "Path": "../../../../../Program Files/UiPath/Studio/Snippets/Windows/SnippetsVBasic/Samples/Calculator Automation.xaml",
      "SortBy": 0,
      "VariablesSectionElementsOrder": [
        "winFolder&Sequence_1",
        "resultValue&Sequence_1"
      ],
      "ArgumentsSectionElementsOrder": [],
      "ConstantsSectionElementsOrder": [],
      "AddedNamespaces": null
    },
    {
      "Path": "Robot desbloqueante2.xaml",
      "SortBy": 0,
      "VariablesSectionElementsOrder": [],
      "ArgumentsSectionElementsOrder": [],
      "ConstantsSectionElementsOrder": [],
      "AddedNamespaces": null
    },
    {
      "Path": "AGp.xaml",
      "SortBy": 0,
      "VariablesSectionElementsOrder": [],
      "ArgumentsSectionElementsOrder": [],
      "ConstantsSectionElementsOrder": [],
      "AddedNamespaces": null
    },
    {
      "Path": "AGP MODIFICA regs.xaml",
      "SortBy": 0,
      "VariablesSectionElementsOrder": [
        "nombre&Sequence_49",
        "consultas2&Sequence_1",
        "adquirente_string&Sequence_49",
        "tipo_transaccion_string&Sequence_49",
        "banco_emisor_string&Sequence_49",
        "nombre_archivo&Sequence_49",
        "transacciones&Sequence_49",
        "emisores&Sequence_49",
        "tiempo_espera&Sequence_49",
        "orden&Sequence_49",
        "archivo_atrasado&Sequence_49",
        "dale&Sequence_49",
        "activo1&Sequence_49",
        "carpeta&Sequence_49",
        "fecha&Sequence_49",
        "existe_carpeta&Sequence_49",
        "afiliacion_principal&Sequence_49",
        "subafiliado&Sequence_49",
        "estatus&Sequence_49"
      ],
      "ArgumentsSectionElementsOrder": [],
      "ConstantsSectionElementsOrder": [],
      "AddedNamespaces": null
    },
    {
      "Path": "Robot Chulo 3.xaml",
      "SortBy": 0,
      "VariablesSectionElementsOrder": [
        "consultas2&Sequence_1",
        "adquirente_string&Sequence_49",
        "tipo_transaccion_string&Sequence_49",
        "banco_emisor_string&Sequence_49",
        "nombre_archivo&Sequence_49",
        "transacciones&Sequence_49",
        "emisores&Sequence_49",
        "tiempo_espera&Sequence_49",
        "orden&Sequence_49",
        "archivo_atrasado&Sequence_49",
        "dale&Sequence_49",
        "activo1&Sequence_49",
        "carpeta&Sequence_49",
        "fecha&Sequence_49",
        "existe_carpeta&Sequence_49"
      ],
      "ArgumentsSectionElementsOrder": [],
      "ConstantsSectionElementsOrder": [],
      "AddedNamespaces": null
    },
    {
      "Path": "AGP eliminacion.xaml",
      "SortBy": 0,
      "VariablesSectionElementsOrder": [
        "consultas2&Sequence_1",
        "adquirente_string&Sequence_49",
        "tipo_transaccion_string&Sequence_49",
        "banco_emisor_string&Sequence_49",
        "nombre_archivo&Sequence_49",
        "transacciones&Sequence_49",
        "emisores&Sequence_49",
        "tiempo_espera&Sequence_49",
        "orden&Sequence_49",
        "archivo_atrasado&Sequence_49",
        "dale&Sequence_49",
        "activo1&Sequence_49",
        "carpeta&Sequence_49",
        "fecha&Sequence_49",
        "existe_carpeta&Sequence_49",
        "afiliacion_principal&Sequence_49",
        "subafiliado&Sequence_49",
        "estatus&Sequence_49"
      ],
      "ArgumentsSectionElementsOrder": [],
      "ConstantsSectionElementsOrder": [],
      "AddedNamespaces": null
    },
    {
      "Path": "AGP elimina regs - Copiar (1).xaml",
      "SortBy": 0,
      "VariablesSectionElementsOrder": [
        "consultas2&Sequence_1",
        "adquirente_string&Sequence_49",
        "tipo_transaccion_string&Sequence_49",
        "banco_emisor_string&Sequence_49",
        "nombre_archivo&Sequence_49",
        "transacciones&Sequence_49",
        "emisores&Sequence_49",
        "tiempo_espera&Sequence_49",
        "orden&Sequence_49",
        "archivo_atrasado&Sequence_49",
        "dale&Sequence_49",
        "activo1&Sequence_49",
        "carpeta&Sequence_49",
        "fecha&Sequence_49",
        "existe_carpeta&Sequence_49",
        "afiliacion_principal&Sequence_49",
        "subafiliado&Sequence_49",
        "estatus&Sequence_49"
      ],
      "ArgumentsSectionElementsOrder": [],
      "ConstantsSectionElementsOrder": [],
      "AddedNamespaces": null
    }
  ]
}