{
    "metadata": {
        "kernelspec": {
            "name": "SQL",
            "display_name": "SQL",
            "language": "sql"
        },
        "language_info": {
            "name": "sql",
            "version": ""
        }
    },
    "nbformat_minor": 2,
    "nbformat": 4,
    "cells": [
        {
            "cell_type": "markdown",
            "source": [
                "# Actualización de bines emisores y adquirentes\n",
                "\n",
                "## Actualización de entidades. Anexo 29\n",
                "\n",
                "Drop and create de la tabla de Anexo 29"
            ],
            "metadata": {
                "azdata_cell_guid": "05510958-84b8-41d3-a44e-b5ae56a2ee13"
            },
            "attachments": {}
        },
        {
            "cell_type": "code",
            "source": [
                "USE [BOS_DB]\r\n",
                "GO\r\n",
                "\r\n",
                "/****** Object:  Table [dbo].[Bin_Manager_Anexo_29]    Script Date: 09/02/2023 11:00:31 a. m. ******/\r\n",
                "IF  EXISTS (SELECT * FROM sys.objects WHERE object_id = OBJECT_ID(N'[dbo].[Bin_Manager_Anexo_29]') AND type in (N'U'))\r\n",
                "DROP TABLE [dbo].[Bin_Manager_Anexo_29]\r\n",
                "GO\r\n",
                "\r\n",
                "/****** Object:  Table [dbo].[Bin_Manager_Anexo_29]    Script Date: 09/02/2023 11:00:31 a. m. ******/\r\n",
                "SET ANSI_NULLS ON\r\n",
                "GO\r\n",
                "\r\n",
                "SET QUOTED_IDENTIFIER ON\r\n",
                "GO\r\n",
                "\r\n",
                "CREATE TABLE [dbo].[Bin_Manager_Anexo_29](\r\n",
                "\t[INSTITUCION] [varchar](100) NULL,\r\n",
                "\t[CAMARA] [varchar](50) NULL,\r\n",
                "\t[ENTIDAD] [varchar](50) NULL,\r\n",
                "\t[ID_EMISOR] [varchar](50) NULL,\r\n",
                "\t[ID_ADQUIRENTE] [varchar](50) NULL,\r\n",
                "\t[FECHA_DE_ALTA] [varchar](50) NULL\r\n",
                ") ON [PRIMARY]\r\n",
                "GO\r\n",
                "\r\n",
                "\r\n",
                ""
            ],
            "metadata": {
                "azdata_cell_guid": "591be6f9-7223-43f0-b99c-b0203d3e5de6",
                "language": "sql"
            },
            "outputs": [],
            "execution_count": null
        },
        {
            "cell_type": "markdown",
            "source": [
                "## Insertar los registros. Copiar/pegar directamente del CSV descargado del CID\n",
                "\n",
                "Insertar nuevos registros y comparar existentes EN TABLA C\\_ENTIDADES. \n",
                "\n",
                "Muchas veces nacen sin ID emisor ni adquirente\n",
                "\n",
                "## Importar los archivos Anexos 1 y 9 con la utilidad de SSMS\n",
                "\n",
                "- Flat file source\n",
                "- Delete existing rows\n",
                "\n",
                "Una vez importados los archivos ejecutar los siguientes scripts"
            ],
            "metadata": {
                "language": "sql",
                "azdata_cell_guid": "31ae748b-3ddf-437c-9673-7954e5e2222e"
            },
            "attachments": {}
        },
        {
            "cell_type": "code",
            "source": [
                "use BOS_DB\r\n",
                "\r\n",
                "/****** Script for SelectTopNRows command from SSMS  ******/\r\n",
                "insert into [dbo].[C_BINES_EMISOR]\r\n",
                "SELECT  [BIN]\r\n",
                "      --,[RANGO]\r\n",
                "      ,[\"ID INSTITUCIÃ“N\"]\r\n",
                "      ,replace([INSTITUCIÃ“N],'\"','')\r\n",
                "      ,replace([PRODUCTO],'\"','')\r\n",
                "      ,replace([NATURALEZA],'Ã‰','E')\r\n",
                "      ,replace([MARCA],'\"','')\r\n",
                "      ,[\"TARJETA CHIP\"]\r\n",
                "      ,[\"BIN VIRTUAL\"]\r\n",
                "      ,[\"AC MANUAL\"]\r\n",
                "      ,[\"AC TPV\"]\r\n",
                "      ,[\"AC CASHBACK\"]\r\n",
                "      ,[\"AC ATMS\"]\r\n",
                "      ,[\"AC ECOMMERCE\"]\r\n",
                "      ,[\"AC CARGOS PERIÃ“DICOS\"]\r\n",
                "      ,[\"AC VENTAS X TELÃ‰FONO\"]\r\n",
                "      ,[\"AC SUCURSAL\"]\r\n",
                "      ,[\"AC PAGOS EN EL INTERCAMBIO\"]\r\n",
                "      ,[\"AC 3D SECURE\"]\r\n",
                "      ,[NFC]\r\n",
                "      ,[MST]\r\n",
                "      ,[WALLET]\r\n",
                "      ,[\"PAN DIN\"]\r\n",
                "      ,[\"CVV CVC DIN\"]\r\n",
                "      ,[NIP]\r\n",
                "      ,[TOKENIZACIÃ“N]\r\n",
                "      ,[VALE]\r\n",
                "      ,[\"FECHA DE ALTA\"]\r\n",
                "      ,[PROCESADOR]\r\n",
                "  FROM [BOS_DB].[dbo].[Bin_Manager_Anexo_1C]\r\n",
                "  where bIN not in (select bin from [dbo].[C_BINES_EMISOR])\r\n",
                "\r\n",
                "  /****** Script for SelectTopNRows command from SSMS  ******/\r\n",
                "insert into [dbo].[C_BINES_EMISOR]\r\n",
                "SELECT  [BIN]\r\n",
                "      --,[RANGO]\r\n",
                "      ,[\"ID INSTITUCIÃ“N\"]\r\n",
                "      ,replace([INSTITUCIÃ“N],'\"','')\r\n",
                "      ,replace([PRODUCTO],'\"','')\r\n",
                "      ,replace([NATURALEZA],'Ã‰','E')\r\n",
                "      ,replace([MARCA],'\"','')\r\n",
                "      ,[\"TARJETA CHIP\"]\r\n",
                "      ,[\"BIN VIRTUAL\"]\r\n",
                "      ,[\"AC MANUAL\"]\r\n",
                "      ,[\"AC TPV\"]\r\n",
                "      ,[\"AC CASHBACK\"]\r\n",
                "      ,[\"AC ATMS\"]\r\n",
                "      ,[\"AC ECOMMERCE\"]\r\n",
                "      ,[\"AC CARGOS PERIÃ“DICOS\"]\r\n",
                "      ,[\"AC VENTAS X TELÃ‰FONO\"]\r\n",
                "      ,[\"AC SUCURSAL\"]\r\n",
                "      ,[\"AC PAGOS EN EL INTERCAMBIO\"]\r\n",
                "      ,[\"AC 3D SECURE\"]\r\n",
                "      ,[NFC]\r\n",
                "      ,[MST]\r\n",
                "      ,[WALLET]\r\n",
                "      ,[\"PAN DIN\"]\r\n",
                "      ,[\"CVV CVC DIN\"]\r\n",
                "      ,[NIP]\r\n",
                "      ,[TOKENIZACIÃ“N]\r\n",
                "      ,[VALE]\r\n",
                "      ,[\"FECHA DE ALTA\"]\r\n",
                "      ,[PROCESADOR]\r\n",
                "  FROM [BOS_DB].[dbo].[Bin_Manager_Anexo_1]\r\n",
                "    where bIN not in (select bin from [dbo].[C_BINES_EMISOR])\r\n",
                "\r\n",
                "\t/****** Script for SelectTopNRows command from SSMS  ******/\r\n",
                "insert into [C_BINES_ADQUIRENTE]\r\n",
                "SELECT [BIN]\r\n",
                "      ,[\"ID INSTITUCIÃ“N\"]\r\n",
                "      ,replace([INSTITUCIÃ“N],'\"','')\r\n",
                "      ,[PROCESADOR]\r\n",
                "      ,replace([MARCA],'\"','')\r\n",
                "      ,[\"FECHA DE ALTA\"]\r\n",
                "      ,[POS]\r\n",
                "      ,[PAGOS]\r\n",
                "  FROM [BOS_DB].[dbo].[Bin_Manager_Anexo_9]\r\n",
                "  where BIN not in (select BIN from [dbo].[C_BINES_ADQUIRENTE])\r\n",
                "\r\n",
                "insert into [C_BINES_ADQUIRENTE]\r\n",
                "  SELECT [BIN]\r\n",
                "      ,[\"ID INSTITUCIÃ“N\"]\r\n",
                "      ,replace([INSTITUCIÃ“N],'\"','')\r\n",
                "      ,[PROCESADOR]\r\n",
                "      ,replace([MARCA],'\"','')\r\n",
                "      ,[\"FECHA DE ALTA\"]\r\n",
                "      ,[POS]\r\n",
                "      ,[PAGOS]\r\n",
                "  FROM [BOS_DB].[dbo].[Bin_Manager_Anexo_9P]\r\n",
                "  where BIN not in (select BIN from [dbo].[C_BINES_ADQUIRENTE])\r\n",
                "\r\n",
                "\r\n",
                "  \r\n",
                "insert into SAC.dbo.bines_emisor\r\n",
                "select left(bin,6) as bin6,INSTITUCION from bos_db.[dbo].[C_BINES_EMISOR]\r\n",
                "where left(bin,6) not in (select bin6 from SAC.dbo.bines_emisor)\r\n",
                "group by left(bin,6),INSTITUCION\r\n",
                ""
            ],
            "metadata": {
                "language": "sql",
                "azdata_cell_guid": "74496c21-4ee4-4e17-a497-09055082b875"
            },
            "outputs": [],
            "execution_count": null
        }
    ]
}